{
  "epoch": 1,
  "train_loss": 0.09574307650327682,
  "val_loss": 0.06504558855279659,
  "thr0p5_auc": 0.9964712069513275,
  "thr0p5_ap": 0.9980328995712162,
  "thr0p5_acc": 0.9759036144576353,
  "thr0p5_sens": 0.9840737636208483,
  "thr0p5_spec": 0.9550321199136652,
  "thr0p5_precision": 0.9824267782424038,
  "thr0p5_npv": 0.959139784945549,
  "thr0p5_fpr": 0.044967880085621005,
  "thr0p5_fnr": 0.015926236378872333,
  "thr0p5_tn": 1338,
  "thr0p5_fp": 63,
  "thr0p5_fn": 57,
  "thr0p5_tp": 3522,
  "best_thr_youden": 0.738,
  "best_youden_J": 0.9461449222285734,
  "bestthr_auc": 0.9964712069513275,
  "bestthr_ap": 0.9980328995712162,
  "bestthr_acc": 0.9712851405620538,
  "bestthr_sens": 0.968985750209285,
  "bestthr_spec": 0.9771591720192883,
  "bestthr_precision": 0.9908571428568598,
  "bestthr_npv": 0.924999999999375,
  "bestthr_fpr": 0.022840827979997973,
  "bestthr_fnr": 0.031014249790435593,
  "bestthr_tn": 1369,
  "bestthr_fp": 32,
  "bestthr_fn": 111,
  "bestthr_tp": 3468,
  "lr": 0.00029265847744427303,
  "sec": 177.80746722221375
}